{
    "timestamp": 1647467175.47,
    "peer": "2001:7f8:54::249",
    "peer_asn": "49434",
    "id": "21-29086-82442",
    "host": "rrc21",
    "type": "UPDATE",
    "path": [49434, 174, 20473, 20473],
    "community": [[174, 21001], [174, 22013], [49434, 101], [49434, 201], [49434, 301], [49434, 1000], [49434, 1001]],
    "origin": "igp",
    "announcements": [
        {
            "next_hop": "2001:7f8:54::249",
            "prefixes": [
                "2a0e:97c7:4d::/48"
            ]
        },
        {
            "next_hop": "fe80::28a:96ff:fe14:dc82",
            "prefixes": [
                "2a0e:97c7:4d::/48"
            ]
        }
    ]
}

